3453484810,9900123456
3453484810,9845012345
6815974590,9900123456
6815974590,9845012345
5483807477,9900123456
5483807477,9845012345
9187065308,9900123456
9187065308,9845012345
1700494946,9900123456
1700494946,9845012345
4478160351,9900123456
4478160351,9845012345
6977990400,9900123456
6977990400,9845012345
7575833003,9900123456
7575833003,9845012345
8727666988,9900123456
8727666988,9845012345
2192227997,9900123456
2192227997,9845012345
8979106724,9900123456
8979106724,9845012345
6597759624,9900123456
6597759624,9845012345
6283738531,9900123456
6283738531,9845012345
8646892910,9900123456
8646892910,9845012345
9579531991,9900123456
9579531991,9845012345
7243413566,9900123456
7243413566,9845012345
8565854116,9900123456
8565854116,9845012345
6107074114,9900123456
6107074114,9845012345
3740546453,9900123456
3740546453,9845012345
1637382417,9900123456
1637382417,9845012345
8808967440,9900123456
8808967440,9845012345
2624574553,9900123456
2624574553,9845012345
8945871085,9900123456
8945871085,9845012345
4693726418,9900123456
4693726418,9845012345
