Rice,3453484810
Wheat,3453484810
Kerosene,3453484810
Sugar,3453484810
Oil,3453484810
Daal,3453484810
Rice,6815974590
Wheat,6815974590
Kerosene,6815974590
Daal,6815974590
Sugar,6815974590
Oil,6815974590
Wheat,5483807477
Kerosene,5483807477
Daal,5483807477
Sugar,5483807477
Rice,5483807477
Oil,5483807477
Oil,9187065308
Rice,9187065308
Wheat,9187065308
Kerosene,9187065308
Daal,9187065308
Rice,1700494946
Wheat,1700494946
Kerosene,1700494946
Sugar,1700494946
Oil,1700494946
Daal,1700494946
Daal,4478160351
Oil,4478160351
Rice,4478160351
Wheat,4478160351
Kerosene,6977990400
Daal,6977990400
Sugar,6977990400
Oil,6977990400
Rice,7575833003
Wheat,7575833003
Kerosene,8727666988
Daal,8727666988
Sugar,8727666988
Rice,8727666988
Wheat,8727666988
Daal,2192227997
Sugar,2192227997
Oil,2192227997
Rice,2192227997
Wheat,2192227997
Kerosene,8979106724
Daal,8979106724
Oil,8979106724
Rice,6597759624
Wheat,6597759624
Kerosene,6283738531
Sugar,6283738531
Oil,6283738531
Rice,6283738531
Wheat,6283738531
Daal,6283738531
Sugar,8646892910
Oil,8646892910
Rice,9579531991
Wheat,9579531991
Kerosene,9579531991
Daal,9579531991
Sugar,7243413566
Rice,7243413566
Wheat,7243413566
Kerosene,7243413566
Daal,7243413566
Oil,8565854116
Rice,8565854116
Wheat,6107074114
Kerosene,6107074114
Daal,3740546453
Oil,3740546453
Rice,3740546453
Wheat,3740546453
Kerosene,3740546453
Sugar,3740546453
Oil,1637382417
Rice,1637382417
Wheat,1637382417
Kerosene,1637382417
Daal,1637382417
Oil,8808967440
Rice,8808967440
Wheat,8808967440
Kerosene,8808967440
Daal,8808967440
Sugar,8808967440
Kerosene,2624574553
Daal,2624574553
Sugar,8945871085
Rice,8945871085
Wheat,4693726418
Kerosene,4693726418
Daal,4693726418
Sugar,4693726418
